{"flow":{"onboarding":{"$contentActions":[{"input":{"bypass":false,"$cardContent":{"document":{"id":"ac2d7174-9377-48e4-811f-248c7219cf68","type":"text/plain","content":"Entrada do usuário"},"editable":false,"deletable":false,"position":"right","editing":false},"$invalid":false},"$invalid":false}],"$conditionOutputs":[{"stateId":"welcome","typeOfStateId":"state","$connId":"con_3","$id":"ed65c9bf-3550-428a-9c84-851f009953b6","conditions":[{"source":"input","comparison":"exists","values":[]}],"$invalid":false}],"$enteringCustomActions":[],"$leavingCustomActions":[],"$inputSuggestions":[],"$defaultOutput":{"stateId":"fallback","$invalid":false},"$tags":[],"id":"onboarding","root":true,"$title":"Início","$position":{"top":"120px","left":"644px"},"$invalidContentActions":false,"$invalidOutputs":false,"$invalidCustomActions":false,"$invalid":false},"fallback":{"$contentActions":[{"input":{"bypass":true,"$cardContent":{"document":{"id":"8cbeaea3-2ef7-4b10-99e3-c6a2024e3960","type":"text/plain","content":"Entrada do usuário"},"editable":false,"deletable":true,"position":"right","editing":false},"$invalid":false},"$invalid":false}],"$conditionOutputs":[{"stateId":"error","conditions":[{"source":"input","comparison":"matches","values":["Sabe"]}],"$id":"e55bfce8-47e2-4b41-8c38-2066835b6936","$connId":"con_8","$invalid":false}],"$enteringCustomActions":[],"$leavingCustomActions":[],"$inputSuggestions":[],"$defaultOutput":{"stateId":"onboarding","$invalid":false},"$tags":[],"id":"fallback","$title":"Exceções","$position":{"top":"120px","left":"877px"},"$invalidContentActions":false,"$invalidOutputs":false,"$invalidCustomActions":false,"$invalid":false},"welcome":{"$contentActions":[{"action":{"$id":"1907705d-4e4b-4b81-baa1-497776743fe3","$typeOfContent":"chat-state","type":"SendMessage","settings":{"id":"b7bf78e7-eaf3-49ac-a652-e9ed338936ff","type":"application/vnd.lime.chatstate+json","content":{"state":"composing","interval":1000},"metadata":{}},"$cardContent":{"document":{"id":"b7bf78e7-eaf3-49ac-a652-e9ed338936ff","type":"application/vnd.lime.chatstate+json","content":{"state":"composing","interval":1000}},"editable":true,"deletable":true,"position":"left"}},"$invalid":false},{"action":{"$id":"8303be19-cd77-4956-816b-31b21d7b9db7","$typeOfContent":"","type":"SendMessage","settings":{"id":"00000000-0000-0000-0000-000000000001","type":"text/plain","content":"Olá, espero que esteja tudo. Sou a Lora responsável por passar os valores da Take.","metadata":{}},"$cardContent":{"document":{"id":"00000000-0000-0000-0000-000000000001","type":"text/plain","content":"Olá, espero que esteja tudo. Sou a Lora responsável por passar os valores da Take."},"editable":true,"deletable":true,"position":"left","editing":false}},"$invalid":false},{"action":{"$id":"b29a88ee-7b2c-4bb6-af17-37d4cea2e122","$typeOfContent":"text","type":"SendMessage","settings":{"id":"d0ee9f4d-9ca6-41cd-86f3-78a37ae49768","type":"text/plain","content":"Mesmo eu sendo um robô e não tendo consciência sobre o que é valores, posso te ajudar de alguma forma.","metadata":{}},"$cardContent":{"document":{"id":"d0ee9f4d-9ca6-41cd-86f3-78a37ae49768","type":"text/plain","content":"Mesmo eu sendo um robô e não tendo consciência sobre o que é valores, posso te ajudar de alguma forma."},"editable":true,"deletable":true,"position":"left"}},"$invalid":false},{"action":{"$id":"ff94f909-af1d-4389-a93f-5ec790ae7fb1","$typeOfContent":"chat-state","type":"SendMessage","settings":{"id":"bf129c66-1f68-4c6a-95e8-73e090610a36","type":"application/vnd.lime.chatstate+json","content":{"state":"composing","interval":1000}},"$cardContent":{"document":{"id":"bf129c66-1f68-4c6a-95e8-73e090610a36","type":"application/vnd.lime.chatstate+json","content":{"state":"composing","interval":1000}},"editable":true,"deletable":true,"position":"left"}},"$invalid":false},{"action":{"$id":"80862f8b-d682-4216-8632-206928f114a4","$typeOfContent":"text","type":"SendMessage","settings":{"id":"3316b026-1e2f-48c4-a8bf-66092cb49f4f","type":"text/plain","content":"Vamos lá...\n","metadata":{}},"$cardContent":{"document":{"id":"3316b026-1e2f-48c4-a8bf-66092cb49f4f","type":"text/plain","content":"Vamos lá...\n"},"editable":true,"deletable":true,"position":"left"}},"$invalid":false},{"action":{"$id":"2f5458f1-1c07-453d-bfc1-d6fa2d6ea1da","$typeOfContent":"text","type":"SendMessage","settings":{"id":"9ddea795-0170-4203-9e79-de3a83eac0a8","type":"text/plain","content":"A cultura Take tem como base 6 valores que são:","metadata":{}},"$cardContent":{"document":{"id":"9ddea795-0170-4203-9e79-de3a83eac0a8","type":"text/plain","content":"A cultura Take tem como base 6 valores que são:"},"editable":true,"deletable":true,"position":"left"}},"$invalid":false},{"action":{"$id":"f7b1359d-4021-4fe7-b93b-01ab8c724b28","$typeOfContent":"chat-state","type":"SendMessage","settings":{"id":"9eed0fee-455f-4a72-97a5-0e342502c122","type":"application/vnd.lime.chatstate+json","content":{"state":"composing","interval":1000}},"$cardContent":{"document":{"id":"9eed0fee-455f-4a72-97a5-0e342502c122","type":"application/vnd.lime.chatstate+json","content":{"state":"composing","interval":1000}},"editable":true,"deletable":true,"position":"left"}},"$invalid":false},{"action":{"$id":"344bab9e-44ec-4267-9cbc-a1a40c7e902b","$typeOfContent":"document-select","type":"SendMessage","settings":{"id":"4fc42bbf-c7a6-431e-b5c7-4b1817c9bbc9","type":"application/vnd.lime.collection+json","content":{"itemType":"application/vnd.lime.document-select+json","items":[{"header":{"type":"application/vnd.lime.media-link+json","value":{"title":"Take.Be","text":"Pessoas em 1º lugar","type":"image/jpeg","uri":"https://encrypted-tbn0.gstatic.com/images?q=tbn:ANd9GcQuGx6ntdUlZSacaPberjPKsqFhl_wLZYeHgw&usqp=CAU","aspectRatio":"1:1"}},"options":[{"label":{"type":"text/plain","value":"💙 Saber mais"},"value":null}],"id":0,"editing":false},{"header":{"type":"application/vnd.lime.media-link+json","value":{"title":"Take.Team","text":"Em nosso time, cada pessoa dá o seu melhor","type":"image/png","uri":"https://cdn-icons-png.flaticon.com/512/1736/1736994.png","aspectRatio":"1:1"}},"options":[{"label":{"type":"text/plain","value":"🏳️ Saber mais"},"value":null}],"id":1,"editing":false},{"header":{"type":"application/vnd.lime.media-link+json","value":{"title":"Take.Execellence","text":" Excelente é o nosso ponto de partida","type":"image/jpeg","uri":"https://pixel.cuboup.com/wp-content/uploads/edd/2021/08/Icone-Estrela-Favorito.jpg","aspectRatio":"1:1"}},"options":[{"label":{"type":"text/plain","value":"⭐ Saber mais"},"value":null}],"editing":false,"id":2},{"header":{"type":"application/vnd.lime.media-link+json","value":{"title":"Take.Charge","text":"Apropriar-se para fazer a diferença","type":"image/jpeg","uri":"https://i.pinimg.com/736x/e5/ca/62/e5ca629751503d9351cb97899a0f4336.jpg","aspectRatio":"1:1"}},"options":[{"label":{"type":"text/plain","value":"⚡ Saber mais"},"value":null}],"editing":false,"id":3},{"header":{"type":"application/vnd.lime.media-link+json","value":{"title":"Take.Simple","text":"Simplicidade é o último grau de sofisticação","type":"image/jpeg","uri":"https://encrypted-tbn0.gstatic.com/images?q=tbn:ANd9GcQ8TgkvAnuoMH6OteoVV1Fh0Gy4AocwpADVtQ&usqp=CAU","aspectRatio":"1:1"}},"options":[{"label":{"type":"text/plain","value":"🎯 Saber mais"},"value":null}],"editing":false,"id":4},{"header":{"type":"application/vnd.lime.media-link+json","value":{"title":"Take.Higher","text":"Pensar grande e ir além","type":"image/jpeg","uri":"https://png.pngtree.com/png-vector/20190115/ourlarge/pngtree-vector-rocket-icon-png-image_317986.jpg","aspectRatio":"1:1"}},"options":[{"label":{"type":"text/plain","value":"🚀 Saber mais"},"value":null}],"editing":false,"id":5},{"header":{"type":"application/vnd.lime.media-link+json","value":{"title":"Desafio","text":"------","type":"image/jpeg","uri":"https://i.pinimg.com/236x/da/32/48/da32489eda1fbe4cb64737af5740649c.jpg","aspectRatio":"1:1"}},"options":[{"label":{"type":"text/plain","value":"Fazer Desafio"},"value":null}],"editing":false,"id":6}]},"metadata":{}},"$cardContent":{"document":{"id":"4fc42bbf-c7a6-431e-b5c7-4b1817c9bbc9","type":"application/vnd.lime.collection+json","content":{"itemType":"application/vnd.lime.document-select+json","items":[{"header":{"type":"application/vnd.lime.media-link+json","value":{"title":"Take.Be","text":"Pessoas em 1º lugar","type":"image/jpeg","uri":"https://encrypted-tbn0.gstatic.com/images?q=tbn:ANd9GcQuGx6ntdUlZSacaPberjPKsqFhl_wLZYeHgw&usqp=CAU","aspectRatio":"1:1"}},"options":[{"label":{"type":"text/plain","value":"💙 Saber mais"},"value":null}],"id":0,"editing":false},{"header":{"type":"application/vnd.lime.media-link+json","value":{"title":"Take.Team","text":"Em nosso time, cada pessoa dá o seu melhor","type":"image/png","uri":"https://cdn-icons-png.flaticon.com/512/1736/1736994.png","aspectRatio":"1:1"}},"options":[{"label":{"type":"text/plain","value":"🏳️ Saber mais"},"value":null}],"id":1,"editing":false},{"header":{"type":"application/vnd.lime.media-link+json","value":{"title":"Take.Execellence","text":" Excelente é o nosso ponto de partida","type":"image/jpeg","uri":"https://pixel.cuboup.com/wp-content/uploads/edd/2021/08/Icone-Estrela-Favorito.jpg","aspectRatio":"1:1"}},"options":[{"label":{"type":"text/plain","value":"⭐ Saber mais"},"value":null}],"editing":false,"id":2},{"header":{"type":"application/vnd.lime.media-link+json","value":{"title":"Take.Charge","text":"Apropriar-se para fazer a diferença","type":"image/jpeg","uri":"https://i.pinimg.com/736x/e5/ca/62/e5ca629751503d9351cb97899a0f4336.jpg","aspectRatio":"1:1"}},"options":[{"label":{"type":"text/plain","value":"⚡ Saber mais"},"value":null}],"editing":false,"id":3},{"header":{"type":"application/vnd.lime.media-link+json","value":{"title":"Take.Simple","text":"Simplicidade é o último grau de sofisticação","type":"image/jpeg","uri":"https://encrypted-tbn0.gstatic.com/images?q=tbn:ANd9GcQ8TgkvAnuoMH6OteoVV1Fh0Gy4AocwpADVtQ&usqp=CAU","aspectRatio":"1:1"}},"options":[{"label":{"type":"text/plain","value":"🎯 Saber mais"},"value":null}],"editing":false,"id":4},{"header":{"type":"application/vnd.lime.media-link+json","value":{"title":"Take.Higher","text":"Pensar grande e ir além","type":"image/jpeg","uri":"https://png.pngtree.com/png-vector/20190115/ourlarge/pngtree-vector-rocket-icon-png-image_317986.jpg","aspectRatio":"1:1"}},"options":[{"label":{"type":"text/plain","value":"🚀 Saber mais"},"value":null}],"editing":false,"id":5},{"header":{"type":"application/vnd.lime.media-link+json","value":{"title":"Desafio","text":"------","type":"image/jpeg","uri":"https://i.pinimg.com/236x/da/32/48/da32489eda1fbe4cb64737af5740649c.jpg","aspectRatio":"1:1"}},"options":[{"label":{"type":"text/plain","value":"Fazer Desafio"},"value":null}],"editing":false,"id":6}]}},"editable":true,"deletable":true,"position":"left"}},"$invalid":false},{"input":{"bypass":false,"$cardContent":{"document":{"id":"e615ba0a-f418-4f34-ab51-298a5aea7306","type":"text/plain","content":"Entrada do usuário"},"editable":false,"deletable":true,"position":"right","editing":false},"$invalid":false},"$invalid":false}],"$conditionOutputs":[{"stateId":"c75099ad-7c0d-4c41-a538-44c6129d9b4c","typeOfStateId":"state","$connId":"con_13","$id":"e857e13e-9c34-44eb-b643-69be5fd415fc","conditions":[{"source":"input","comparison":"equals","values":["💙 Saber mais"]}],"$invalid":false},{"stateId":"1b4ad2b0-039c-47cb-8b13-4fc27358f0b3","typeOfStateId":"state","$connId":"con_18","$id":"db8fae42-1dc5-4d52-8b09-653f6d73590d","conditions":[{"source":"input","comparison":"equals","values":["🏳️ Saber mais"]}],"$invalid":false},{"stateId":"41413126-f08b-49ce-8786-24360a4d8ae7","typeOfStateId":"state","$connId":"con_23","$id":"6afbc978-6e97-4a90-a016-1d267afb6774","conditions":[{"source":"input","comparison":"equals","values":["⭐ Saber mais"]}],"$invalid":false},{"stateId":"5540fcab-60fd-4d5b-9e0b-8295d2f9150f","typeOfStateId":"state","$connId":"con_28","$id":"bfdca5a8-4915-49ca-b2c2-c8dca0434407","conditions":[{"source":"input","comparison":"equals","values":["⚡ Saber mais"]}],"$invalid":false},{"stateId":"dc6f4fe7-129a-47ff-94e3-04da1105c256","typeOfStateId":"state","$connId":"con_33","$id":"a9fba617-5bac-41e3-80bd-f74e440c2654","conditions":[{"source":"input","comparison":"equals","values":["🎯 Saber mais"]}],"$invalid":false},{"stateId":"8c66d3a3-4684-4c91-bb85-67d4ad6360fa","typeOfStateId":"state","$connId":"con_38","$id":"1c2a535b-57f6-46b0-a9cb-74fba2c9010a","conditions":[{"source":"input","comparison":"equals","values":["🚀 Saber mais"]}],"$invalid":false},{"stateId":"1f7b8199-8e3a-48e3-b507-f3dcb3dba5ec","typeOfStateId":"state","$connId":"con_43","$id":"571f5750-9df3-43d8-9fa6-e50dfe7f2d88","conditions":[{"source":"input","comparison":"equals","values":["Fazer Desafio"]}],"$invalid":false}],"$enteringCustomActions":[],"$leavingCustomActions":[],"$inputSuggestions":["🏳️ Saber mais","⭐ Saber mais"],"$defaultOutput":{"stateId":"onboarding","$invalid":false,"typeOfStateId":"state"},"$tags":[],"id":"welcome","$title":"Fluxo","$position":{"top":"336px","left":"639px"},"$invalidContentActions":false,"$invalidOutputs":false,"$invalidCustomActions":false,"$invalid":false},"error":{"$contentActions":[{"action":{"$id":"c3bbd6ec-646b-41f2-9252-19530a05109c","$typeOfContent":"","type":"SendMessage","settings":{"id":"00000000-0000-0000-0000-000000000002","type":"application/vnd.lime.chatstate+json","content":{"state":"composing","interval":1000}},"$cardContent":{"document":{"id":"00000000-0000-0000-0000-000000000002","type":"application/vnd.lime.chatstate+json","content":{"state":"composing","interval":1000}},"editable":true,"deletable":true,"position":"left","editing":false}},"$invalid":false},{"action":{"$id":"7f510bd9-962d-42c0-a1c6-7495c1408d22","$typeOfContent":"","type":"SendMessage","settings":{"id":"00000000-0000-0000-0000-000000000003","type":"text/plain","content":"Desculpe, não consegui entender!"},"$cardContent":{"document":{"id":"00000000-0000-0000-0000-000000000003","type":"text/plain","content":"Desculpe, não consegui entender!"},"editable":true,"deletable":true,"position":"left","editing":false}},"$invalid":false},{"input":{"bypass":true,"$cardContent":{"document":{"id":"6a454d09-65af-41fa-a2ef-cda70c7aacb9","type":"text/plain","content":"Entrada do usuário"},"editable":false,"deletable":true,"position":"right","editing":false},"$invalid":false},"$invalid":false}],"$conditionOutputs":[],"$enteringCustomActions":[],"$leavingCustomActions":[],"$inputSuggestions":[],"$defaultOutput":{"stateId":"onboarding","$invalid":false},"$tags":[],"id":"error","$title":"Erro padrão","$position":{"top":"240px","left":"877px"},"$invalidContentActions":false,"$invalidOutputs":false,"$invalidCustomActions":false,"$invalid":false},"c75099ad-7c0d-4c41-a538-44c6129d9b4c":{"$contentActions":[{"action":{"$id":"3a71de38-17d9-4ee3-bb87-b7f32a83ef5b","$typeOfContent":"chat-state","type":"SendMessage","settings":{"id":"cc4bac1e-6e35-4b81-a804-523fd353a4c7","type":"application/vnd.lime.chatstate+json","content":{"state":"composing","interval":1000}},"$cardContent":{"document":{"id":"cc4bac1e-6e35-4b81-a804-523fd353a4c7","type":"application/vnd.lime.chatstate+json","content":{"state":"composing","interval":1000}},"editable":true,"deletable":true,"position":"left"}},"$invalid":false},{"action":{"$id":"be3d95c8-65a8-4199-b922-35fb53029ff4","$typeOfContent":"text","type":"SendMessage","settings":{"id":"0f3b16b6-0f28-4191-92d5-40728174741e","type":"text/plain","content":"A Take é feita por pessoas e para pessoas. Nossas relações são transparentes e humanizadas.","metadata":{}},"$cardContent":{"document":{"id":"0f3b16b6-0f28-4191-92d5-40728174741e","type":"text/plain","content":"A Take é feita por pessoas e para pessoas. Nossas relações são transparentes e humanizadas."},"editable":true,"deletable":true,"position":"left"}},"$invalid":false},{"action":{"$id":"3eb900bf-6105-4231-8cf6-9267c1480686","$typeOfContent":"chat-state","type":"SendMessage","settings":{"id":"37132709-107f-4fd2-8688-73b4ea15e50c","type":"application/vnd.lime.chatstate+json","content":{"state":"composing","interval":1000}},"$cardContent":{"document":{"id":"37132709-107f-4fd2-8688-73b4ea15e50c","type":"application/vnd.lime.chatstate+json","content":{"state":"composing","interval":1000}},"editable":true,"deletable":true,"position":"left"}},"$invalid":false},{"action":{"$id":"31b1ed66-6e93-41aa-87a0-6f708597c6be","$typeOfContent":"text","type":"SendMessage","settings":{"id":"64837c84-a5a2-4e55-8d52-10ab2886bbf9","type":"text/plain","content":"Cada cliente, cada parceiro e cada Take.Ser é valorizado e respeitado em sua individualidade e está presente em cada bit de nossa empresa.","metadata":{}},"$cardContent":{"document":{"id":"64837c84-a5a2-4e55-8d52-10ab2886bbf9","type":"text/plain","content":"Cada cliente, cada parceiro e cada Take.Ser é valorizado e respeitado em sua individualidade e está presente em cada bit de nossa empresa."},"editable":true,"deletable":true,"position":"left"}},"$invalid":false},{"action":{"$id":"508b6ee1-f229-4362-9a21-0796545b3b35","$typeOfContent":"chat-state","type":"SendMessage","settings":{"id":"5aeaca3f-4ec9-440f-9bbc-75336129c007","type":"application/vnd.lime.chatstate+json","content":{"state":"composing","interval":1000}},"$cardContent":{"document":{"id":"5aeaca3f-4ec9-440f-9bbc-75336129c007","type":"application/vnd.lime.chatstate+json","content":{"state":"composing","interval":1000}},"editable":true,"deletable":true,"position":"left"}},"$invalid":false},{"action":{"$id":"8c84c8d1-14ee-4eff-ac8b-38c867cecdeb","$typeOfContent":"select-immediate","type":"SendMessage","settings":{"id":"fa79a2f0-00e6-4f9b-83e3-70454a930d61","type":"application/vnd.lime.select+json","content":{"text":"Se quiser saber mais sobre outros valores é só falar","scope":"immediate","options":[{"text":"🏳️ Team","previewText":"🏳️ Team","value":null,"index":0,"type":null},{"text":"⭐ Excellence","previewText":"⭐ Excellence","value":null,"index":1,"type":null},{"index":-1,"text":"⚡ Charge","previewText":"⚡ Charge","type":null,"value":null},{"index":-1,"text":"🎯 Simple","previewText":"🎯 Simple","type":null,"value":null},{"index":-1,"text":"🚀 Higher","previewText":"🚀 Higher","type":null,"value":null},{"index":-1,"text":"💡 Desafio","previewText":"💡 Desafio","type":null,"value":null}]},"metadata":{}},"$cardContent":{"document":{"id":"fa79a2f0-00e6-4f9b-83e3-70454a930d61","type":"application/vnd.lime.select+json","content":{"text":"Se quiser saber mais sobre outros valores é só falar","scope":"immediate","options":[{"text":"🏳️ Team","previewText":"🏳️ Team","value":null,"index":0,"type":null},{"text":"⭐ Excellence","previewText":"⭐ Excellence","value":null,"index":1,"type":null},{"index":-1,"text":"⚡ Charge","previewText":"⚡ Charge","type":null,"value":null},{"index":-1,"text":"🎯 Simple","previewText":"🎯 Simple","type":null,"value":null},{"index":-1,"text":"🚀 Higher","previewText":"🚀 Higher","type":null,"value":null},{"index":-1,"text":"💡 Desafio","previewText":"💡 Desafio","type":null,"value":null}]}},"editable":true,"deletable":true,"position":"left"}},"$invalid":false},{"input":{"bypass":false,"$cardContent":{"document":{"id":"2be316dd-44af-49e4-83de-273972c4d34f","type":"text/plain","textContent":"Entrada do usuário","content":"Entrada do usuário"},"editable":false,"deletable":true,"position":"right","editing":false},"$invalid":false},"$invalid":false}],"$conditionOutputs":[{"stateId":"1b4ad2b0-039c-47cb-8b13-4fc27358f0b3","typeOfStateId":"state","$connId":"con_48","$id":"35139f2c-63fe-435d-83bb-a9b59c54ca63","conditions":[{"source":"input","comparison":"equals","values":["🏳️ Team"]}],"$invalid":false},{"stateId":"41413126-f08b-49ce-8786-24360a4d8ae7","typeOfStateId":"state","$connId":"con_53","$id":"e26155f0-4d34-4091-b567-86a89c9d25df","conditions":[{"source":"input","comparison":"equals","values":["⭐ Excellence"]}],"$invalid":false},{"stateId":"5540fcab-60fd-4d5b-9e0b-8295d2f9150f","typeOfStateId":"state","$connId":"con_58","$id":"87a7c467-4c9a-48e6-8aba-c269ce0202a1","conditions":[{"source":"input","comparison":"equals","values":["⚡ Charge"]}],"$invalid":false},{"stateId":"dc6f4fe7-129a-47ff-94e3-04da1105c256","typeOfStateId":"state","$connId":"con_63","$id":"10f95087-4198-4eeb-8673-174c2afb6e18","conditions":[{"source":"input","comparison":"equals","values":["🎯 Simple"]}],"$invalid":false},{"stateId":"8c66d3a3-4684-4c91-bb85-67d4ad6360fa","typeOfStateId":"state","$connId":"con_68","$id":"3e50c360-a7c6-4ad7-b33f-e66efc639342","conditions":[{"source":"input","comparison":"equals","values":["🚀 Higher"]}],"$invalid":false},{"stateId":"1f7b8199-8e3a-48e3-b507-f3dcb3dba5ec","typeOfStateId":"state","$connId":"con_73","$id":"3f3134d4-ec7f-44fb-99af-8751d90833bb","conditions":[{"source":"input","comparison":"equals","values":["💡 Desafio"]}],"$invalid":false}],"$enteringCustomActions":[],"$leavingCustomActions":[],"$inputSuggestions":["🏳️ Team","⭐ Excellence","⚡ Charge","🎯 Simple","🚀 Higher","💡 Desafio"],"$defaultOutput":{"stateId":"fallback","$invalid":false},"$tags":[],"id":"c75099ad-7c0d-4c41-a538-44c6129d9b4c","root":false,"$title":"💙 Saber mais","$position":{"top":"171px","left":"196px"},"$invalidContentActions":false,"$invalidOutputs":false,"$invalidCustomActions":false,"$invalid":false},"1b4ad2b0-039c-47cb-8b13-4fc27358f0b3":{"$contentActions":[{"action":{"$id":"19571065-2366-4993-be00-c3594e1ed23c","$typeOfContent":"chat-state","type":"SendMessage","settings":{"id":"8a5173e2-8adb-41fc-b529-693f7d2e24a3","type":"application/vnd.lime.chatstate+json","content":{"state":"composing","interval":1000}},"$cardContent":{"document":{"id":"8a5173e2-8adb-41fc-b529-693f7d2e24a3","type":"application/vnd.lime.chatstate+json","content":{"state":"composing","interval":1000}},"editable":true,"deletable":true,"position":"left"}},"$invalid":false},{"action":{"$id":"64bda9f9-32d8-4342-8ce0-b06525d48809","$typeOfContent":"text","type":"SendMessage","settings":{"id":"bb320021-b013-444c-bf31-436bba9de680","type":"text/plain","content":"Sabemos que o que faz uma equipe incrível são pessoas incríveis em cooperação. Assim, cada Take.ser busca cumprir sua parte para garantir a vitória do time.","metadata":{}},"$cardContent":{"document":{"id":"bb320021-b013-444c-bf31-436bba9de680","type":"text/plain","content":"Sabemos que o que faz uma equipe incrível são pessoas incríveis em cooperação. Assim, cada Take.ser busca cumprir sua parte para garantir a vitória do time."},"editable":true,"deletable":true,"position":"left"}},"$invalid":false},{"action":{"$id":"dc63268b-bea0-40dd-9f46-ee67c3f88b32","$typeOfContent":"chat-state","type":"SendMessage","settings":{"id":"b5c62420-b23c-469d-993e-9e19818606ec","type":"application/vnd.lime.chatstate+json","content":{"state":"composing","interval":1000}},"$cardContent":{"document":{"id":"b5c62420-b23c-469d-993e-9e19818606ec","type":"application/vnd.lime.chatstate+json","content":{"state":"composing","interval":1000}},"editable":true,"deletable":true,"position":"left"}},"$invalid":false},{"action":{"$id":"6c406b62-b435-4716-9722-a085607219b7","$typeOfContent":"select-immediate","type":"SendMessage","settings":{"id":"72e27046-38ac-4f7d-a8e1-a30c36faf0f5","type":"application/vnd.lime.select+json","content":{"text":"Se quiser saber mais sobre outros valores é só falar\n","scope":"immediate","options":[{"text":"💙 Be","previewText":"💙 Be","value":null,"index":0,"type":null},{"text":"⭐ Excellence","previewText":"⭐ Excellence","value":null,"index":1,"type":null},{"index":-1,"text":"⚡ Charge","previewText":"⚡ Charge","type":null,"value":null},{"index":-1,"text":"🎯 Simple","previewText":"🎯 Simple","type":null,"value":null},{"index":-1,"text":"🚀 Higher","previewText":"🚀 Higher","type":null,"value":null},{"index":-1,"text":"💡 Desafio","previewText":"💡 Desafio","type":null,"value":null}]},"metadata":{}},"$cardContent":{"document":{"id":"72e27046-38ac-4f7d-a8e1-a30c36faf0f5","type":"application/vnd.lime.select+json","content":{"text":"Se quiser saber mais sobre outros valores é só falar\n","scope":"immediate","options":[{"text":"💙 Be","previewText":"💙 Be","value":null,"index":0,"type":null},{"text":"⭐ Excellence","previewText":"⭐ Excellence","value":null,"index":1,"type":null},{"index":-1,"text":"⚡ Charge","previewText":"⚡ Charge","type":null,"value":null},{"index":-1,"text":"🎯 Simple","previewText":"🎯 Simple","type":null,"value":null},{"index":-1,"text":"🚀 Higher","previewText":"🚀 Higher","type":null,"value":null},{"index":-1,"text":"💡 Desafio","previewText":"💡 Desafio","type":null,"value":null}]}},"editable":true,"deletable":true,"position":"left"}},"$invalid":false},{"input":{"bypass":false,"$cardContent":{"document":{"id":"3850d64f-d905-48f7-9147-3b7a4a8e217a","type":"text/plain","textContent":"Entrada do usuário","content":"Entrada do usuário"},"editable":false,"deletable":true,"position":"right","editing":false},"$invalid":false},"$invalid":false}],"$conditionOutputs":[{"stateId":"c75099ad-7c0d-4c41-a538-44c6129d9b4c","typeOfStateId":"state","$connId":"con_78","$id":"4085bcc5-c6ab-401a-a2d9-761a5aee55fd","conditions":[{"source":"input","comparison":"equals","values":["💙 Be"]}],"$invalid":false},{"stateId":"41413126-f08b-49ce-8786-24360a4d8ae7","typeOfStateId":"state","$connId":"con_83","$id":"a5420e25-dbad-4a2b-8242-d6bbe6f457b0","conditions":[{"source":"input","comparison":"equals","values":["⭐ Excellence"]}],"$invalid":false},{"stateId":"5540fcab-60fd-4d5b-9e0b-8295d2f9150f","typeOfStateId":"state","$connId":"con_88","$id":"875e2494-4d0b-4de1-b99d-c09d0ac43d08","conditions":[{"source":"input","comparison":"equals","values":["⚡ Charge"]}],"$invalid":false},{"stateId":"dc6f4fe7-129a-47ff-94e3-04da1105c256","typeOfStateId":"state","$connId":"con_93","$id":"5b93504d-0697-4145-9210-99cb0cc080a0","conditions":[{"source":"input","comparison":"equals","values":["🎯 Simple"]}],"$invalid":false},{"stateId":"8c66d3a3-4684-4c91-bb85-67d4ad6360fa","typeOfStateId":"state","$connId":"con_98","$id":"ae0ae1d6-10e5-488b-a5c9-7f2fbfe3320b","conditions":[{"source":"input","comparison":"equals","values":["🚀 Higher"]}],"$invalid":false},{"stateId":"1f7b8199-8e3a-48e3-b507-f3dcb3dba5ec","typeOfStateId":"state","$connId":"con_103","$id":"176abfb0-629d-4c36-95f1-79798dbbd614","conditions":[{"source":"input","comparison":"equals","values":["💡 Desafio"]}],"$invalid":false}],"$enteringCustomActions":[],"$leavingCustomActions":[],"$inputSuggestions":["💙 Be","⭐ Excellence","⚡ Charge","🎯 Simple","🚀 Higher","💡 Desafio"],"$defaultOutput":{"stateId":"fallback","$invalid":false},"$tags":[],"id":"1b4ad2b0-039c-47cb-8b13-4fc27358f0b3","root":false,"$title":"🏳️ Saber mais","$position":{"top":"275px","left":"193px"},"$invalidContentActions":false,"$invalidOutputs":false,"$invalidCustomActions":false,"$invalid":false},"41413126-f08b-49ce-8786-24360a4d8ae7":{"$contentActions":[{"action":{"$id":"8dc12400-1bf8-4d58-b28c-edf978d720c6","$typeOfContent":"chat-state","type":"SendMessage","settings":{"id":"52be307d-b38d-4068-8726-d11b592f8030","type":"application/vnd.lime.chatstate+json","content":{"state":"composing","interval":1000}},"$cardContent":{"document":{"id":"52be307d-b38d-4068-8726-d11b592f8030","type":"application/vnd.lime.chatstate+json","content":{"state":"composing","interval":1000}},"editable":true,"deletable":true,"position":"left"}},"$invalid":false},{"action":{"$id":"972a4227-b5d2-4a40-8374-ae6fa9d89c8f","$typeOfContent":"text","type":"SendMessage","settings":{"id":"3526b7e2-2b60-4830-a38a-289ecab211c6","type":"text/plain","content":"Com nosso espírito geek e nossa disposição para aprender e crescer, buscamos estar sempre um passo a frente e superarmos os mais exigentes padrões.","metadata":{}},"$cardContent":{"document":{"id":"3526b7e2-2b60-4830-a38a-289ecab211c6","type":"text/plain","content":"Com nosso espírito geek e nossa disposição para aprender e crescer, buscamos estar sempre um passo a frente e superarmos os mais exigentes padrões."},"editable":true,"deletable":true,"position":"left"}},"$invalid":false},{"action":{"$id":"bf4a5669-9bff-41b8-96fa-b90ed3a9d361","$typeOfContent":"chat-state","type":"SendMessage","settings":{"id":"ff702516-494f-4f12-92ad-3797aa371840","type":"application/vnd.lime.chatstate+json","content":{"state":"composing","interval":1000}},"$cardContent":{"document":{"id":"ff702516-494f-4f12-92ad-3797aa371840","type":"application/vnd.lime.chatstate+json","content":{"state":"composing","interval":1000}},"editable":true,"deletable":true,"position":"left"}},"$invalid":false},{"action":{"$id":"6fce135f-da9e-471b-8de3-6d0ff283b35d","$typeOfContent":"select-immediate","type":"SendMessage","settings":{"id":"1d442a3c-ad60-462c-af55-3d070084b775","type":"application/vnd.lime.select+json","content":{"text":"Se quiser saber mais sobre outros valores é só falar\n","scope":"immediate","options":[{"text":"💙 Be","previewText":"💙 Be","value":null,"index":0,"type":null},{"text":"🏳️ Team","previewText":"🏳️ Team","value":null,"index":1,"type":null},{"index":-1,"text":"⚡ Charge","previewText":"⚡ Charge","type":null,"value":null},{"index":-1,"text":"🎯 Saber mais","previewText":"🎯 Saber mais","type":null,"value":null},{"index":-1,"text":"🚀 Saber mais","previewText":"🚀 Saber mais","type":null,"value":null},{"index":5,"text":"💡 Desafio","previewText":"💡 Desafio","type":null,"value":null}]},"metadata":{}},"$cardContent":{"document":{"id":"1d442a3c-ad60-462c-af55-3d070084b775","type":"application/vnd.lime.select+json","content":{"text":"Se quiser saber mais sobre outros valores é só falar\n","scope":"immediate","options":[{"text":"💙 Be","previewText":"💙 Be","value":null,"index":0,"type":null},{"text":"🏳️ Team","previewText":"🏳️ Team","value":null,"index":1,"type":null},{"index":-1,"text":"⚡ Charge","previewText":"⚡ Charge","type":null,"value":null},{"index":-1,"text":"🎯 Saber mais","previewText":"🎯 Saber mais","type":null,"value":null},{"index":-1,"text":"🚀 Saber mais","previewText":"🚀 Saber mais","type":null,"value":null},{"index":5,"text":"💡 Desafio","previewText":"💡 Desafio","type":null,"value":null}]}},"editable":true,"deletable":true,"position":"left"}},"$invalid":false},{"input":{"bypass":false,"$cardContent":{"document":{"id":"08a11a8b-b79c-4e98-b915-3aafee9de807","type":"text/plain","textContent":"Entrada do usuário","content":"Entrada do usuário"},"editable":false,"deletable":true,"position":"right","editing":false},"$invalid":false},"$invalid":false}],"$conditionOutputs":[{"stateId":"c75099ad-7c0d-4c41-a538-44c6129d9b4c","typeOfStateId":"state","$connId":"con_108","$id":"105fa8d4-5f34-4248-9899-8fd0796ee7bd","conditions":[{"source":"input","comparison":"equals","values":["💙 Be"]}],"$invalid":false},{"stateId":"1b4ad2b0-039c-47cb-8b13-4fc27358f0b3","typeOfStateId":"state","$connId":"con_113","$id":"ab80267b-5ec4-4297-ace5-22ec44511aa9","conditions":[{"source":"input","comparison":"equals","values":["🏳️ Team"]}],"$invalid":false},{"stateId":"5540fcab-60fd-4d5b-9e0b-8295d2f9150f","typeOfStateId":"state","$connId":"con_118","$id":"81e54ced-b73c-42c1-830b-64c5ca631a70","conditions":[{"source":"input","comparison":"equals","values":["⚡ Charge"]}],"$invalid":false},{"stateId":"dc6f4fe7-129a-47ff-94e3-04da1105c256","typeOfStateId":"state","$connId":"con_123","$id":"e1b5a595-c79f-4bf7-8f3c-6733fe45caa2","conditions":[{"source":"input","comparison":"equals","values":["🎯 Saber mais"]}],"$invalid":false},{"stateId":"8c66d3a3-4684-4c91-bb85-67d4ad6360fa","typeOfStateId":"state","$connId":"con_128","$id":"d0499d68-01f1-4aba-bce4-c64119088386","conditions":[{"source":"input","comparison":"equals","values":["🚀 Saber mais"]}],"$invalid":false},{"stateId":"1f7b8199-8e3a-48e3-b507-f3dcb3dba5ec","typeOfStateId":"state","$connId":"con_133","$id":"e3d1c4f7-a24f-4a5d-8fd0-da4da78c06d4","conditions":[{"source":"input","comparison":"equals","values":["💡 Desafio"]}],"$invalid":false}],"$enteringCustomActions":[],"$leavingCustomActions":[],"$inputSuggestions":["💙 Be","🏳️ Team","⚡ Charge","🎯 Saber mais","🚀 Saber mais","💡 Desafio"],"$defaultOutput":{"stateId":"fallback","$invalid":false},"$tags":[],"id":"41413126-f08b-49ce-8786-24360a4d8ae7","root":false,"$title":"⭐ Saber mais","$position":{"top":"382.615px","left":"190.538px"},"$invalidContentActions":false,"$invalidOutputs":false,"$invalidCustomActions":false,"$invalid":false},"5540fcab-60fd-4d5b-9e0b-8295d2f9150f":{"$contentActions":[{"action":{"$id":"a2fe21db-7ab4-4cd6-9666-dfa7f91d180e","$typeOfContent":"chat-state","type":"SendMessage","settings":{"id":"8e9b790e-c54e-447c-923d-080ef551cf4e","type":"application/vnd.lime.chatstate+json","content":{"state":"composing","interval":1000}},"$cardContent":{"document":{"id":"8e9b790e-c54e-447c-923d-080ef551cf4e","type":"application/vnd.lime.chatstate+json","content":{"state":"composing","interval":1000}},"editable":true,"deletable":true,"position":"left"}},"$invalid":false},{"action":{"$id":"6cabd2f5-7a52-4eb6-9a3b-be1b409a5ae6","$typeOfContent":"text","type":"SendMessage","settings":{"id":"a508f69e-be2e-44d2-bbd8-1e503c302d36","type":"text/plain","content":"Apostamos em profissionais que chamam a responsabilidade para si e que, sem medo de ousar, transformem o mundo a sua volta, com muita competência e criatividade!","metadata":{}},"$cardContent":{"document":{"id":"a508f69e-be2e-44d2-bbd8-1e503c302d36","type":"text/plain","content":"Apostamos em profissionais que chamam a responsabilidade para si e que, sem medo de ousar, transformem o mundo a sua volta, com muita competência e criatividade!"},"editable":true,"deletable":true,"position":"left"}},"$invalid":false},{"action":{"$id":"0d245900-0fd6-475f-8681-513102188a43","$typeOfContent":"chat-state","type":"SendMessage","settings":{"id":"b71f9ad2-5dc2-4bf0-ba98-34741fd00c72","type":"application/vnd.lime.chatstate+json","content":{"state":"composing","interval":1000}},"$cardContent":{"document":{"id":"b71f9ad2-5dc2-4bf0-ba98-34741fd00c72","type":"application/vnd.lime.chatstate+json","content":{"state":"composing","interval":1000}},"editable":true,"deletable":true,"position":"left"}},"$invalid":false},{"action":{"$id":"2633d1d2-b425-4138-9930-1a68fea1ad44","$typeOfContent":"select-immediate","type":"SendMessage","settings":{"id":"41e37a95-da6f-4c08-bd45-b9013ec5d430","type":"application/vnd.lime.select+json","content":{"text":"Se quiser saber mais sobre outros valores é só falar\n","scope":"immediate","options":[{"text":"💙 Be","previewText":"💙 Be","value":null,"index":0,"type":null},{"text":"🏳️ Team ","previewText":"🏳️ Team ","value":null,"index":1,"type":null},{"index":-1,"text":"⭐ Excellence","previewText":"⭐ Excellence","type":null,"value":null},{"index":-1,"text":"🎯 Saber mais","previewText":"🎯 Saber mais","type":null,"value":null},{"index":-1,"text":"🚀 Saber mais","previewText":"🚀 Saber mais","type":null,"value":null},{"index":-1,"text":"💡 Desafio","previewText":"💡 Desafio","type":null,"value":null}]},"metadata":{}},"$cardContent":{"document":{"id":"41e37a95-da6f-4c08-bd45-b9013ec5d430","type":"application/vnd.lime.select+json","content":{"text":"Se quiser saber mais sobre outros valores é só falar\n","scope":"immediate","options":[{"text":"💙 Be","previewText":"💙 Be","value":null,"index":0,"type":null},{"text":"🏳️ Team ","previewText":"🏳️ Team ","value":null,"index":1,"type":null},{"index":-1,"text":"⭐ Excellence","previewText":"⭐ Excellence","type":null,"value":null},{"index":-1,"text":"🎯 Saber mais","previewText":"🎯 Saber mais","type":null,"value":null},{"index":-1,"text":"🚀 Saber mais","previewText":"🚀 Saber mais","type":null,"value":null},{"index":-1,"text":"💡 Desafio","previewText":"💡 Desafio","type":null,"value":null}]}},"editable":true,"deletable":true,"position":"left"}},"$invalid":false},{"input":{"bypass":false,"$cardContent":{"document":{"id":"c0e85705-d9f9-4e92-aff9-0c61e9e7c9b0","type":"text/plain","textContent":"Entrada do usuário","content":"Entrada do usuário"},"editable":false,"deletable":true,"position":"right","editing":false},"$invalid":false},"$invalid":false}],"$conditionOutputs":[{"stateId":"c75099ad-7c0d-4c41-a538-44c6129d9b4c","typeOfStateId":"state","$connId":"con_138","$id":"0548a6aa-6d34-4e11-b101-f9ccac54f97a","conditions":[{"source":"input","comparison":"equals","values":["💙 Be"]}],"$invalid":false},{"stateId":"1b4ad2b0-039c-47cb-8b13-4fc27358f0b3","typeOfStateId":"state","$connId":"con_143","$id":"fcf48493-ae62-4606-b3a6-1e73a83e92a7","conditions":[{"source":"input","comparison":"equals","values":["🏳️ Team"]}],"$invalid":false},{"stateId":"41413126-f08b-49ce-8786-24360a4d8ae7","typeOfStateId":"state","$connId":"con_148","$id":"2006757e-4ac8-4ec9-aa54-a06c929818a5","conditions":[{"source":"input","comparison":"equals","values":["⭐ Excellence"]}],"$invalid":false},{"stateId":"dc6f4fe7-129a-47ff-94e3-04da1105c256","typeOfStateId":"state","$connId":"con_153","$id":"d3a05976-dd57-4eb7-a9ba-f39ce9f7254e","conditions":[{"source":"input","comparison":"equals","values":["🎯 Saber mais"]}],"$invalid":false},{"stateId":"8c66d3a3-4684-4c91-bb85-67d4ad6360fa","typeOfStateId":"state","$connId":"con_158","$id":"879d011f-2d84-4974-8099-b3b0a6a7b9ba","conditions":[{"source":"input","comparison":"equals","values":["🚀 Saber mais"]}],"$invalid":false},{"stateId":"1f7b8199-8e3a-48e3-b507-f3dcb3dba5ec","typeOfStateId":"state","$connId":"con_163","$id":"c9241208-cdfe-407a-ba93-01bfa52b2e7a","conditions":[{"source":"input","comparison":"equals","values":["💡 Desafio"]}],"$invalid":false}],"$enteringCustomActions":[],"$leavingCustomActions":[],"$inputSuggestions":["💙 Be","🏳️ Team ","⭐ Excellence","🎯 Saber mais","🚀 Saber mais","💡 Desafio"],"$defaultOutput":{"stateId":"fallback","$invalid":false},"$tags":[],"id":"5540fcab-60fd-4d5b-9e0b-8295d2f9150f","root":false,"$title":"⚡ Saber mais","$position":{"top":"500px","left":"186.154px"},"$invalidContentActions":false,"$invalidOutputs":false,"$invalidCustomActions":false,"$invalid":false},"dc6f4fe7-129a-47ff-94e3-04da1105c256":{"$contentActions":[{"action":{"$id":"b9856d82-ac04-441c-a732-225e13ba9051","$typeOfContent":"chat-state","type":"SendMessage","settings":{"id":"6699295f-8dcf-40f4-984d-74726b3b943e","type":"application/vnd.lime.chatstate+json","content":{"state":"composing","interval":1000}},"$cardContent":{"document":{"id":"6699295f-8dcf-40f4-984d-74726b3b943e","type":"application/vnd.lime.chatstate+json","content":{"state":"composing","interval":1000}},"editable":true,"deletable":true,"position":"left"}},"$invalid":false},{"action":{"$id":"efaf6fd1-c3a5-4091-8709-ed216fa2c87e","$typeOfContent":"text","type":"SendMessage","settings":{"id":"c0538ba2-aa5c-493a-8726-b40bb5be3ee3","type":"text/plain","content":"Mantemos o foco no essencial. Menos é mais.","metadata":{}},"$cardContent":{"document":{"id":"c0538ba2-aa5c-493a-8726-b40bb5be3ee3","type":"text/plain","content":"Mantemos o foco no essencial. Menos é mais."},"editable":true,"deletable":true,"position":"left"}},"$invalid":false},{"action":{"$id":"be0d9be0-c841-409a-813e-94979d1fbe86","$typeOfContent":"chat-state","type":"SendMessage","settings":{"id":"8efb7a3d-f4b6-43d4-8ef0-dbf5d4e51f6d","type":"application/vnd.lime.chatstate+json","content":{"state":"composing","interval":1000}},"$cardContent":{"document":{"id":"8efb7a3d-f4b6-43d4-8ef0-dbf5d4e51f6d","type":"application/vnd.lime.chatstate+json","content":{"state":"composing","interval":1000}},"editable":true,"deletable":true,"position":"left"}},"$invalid":false},{"action":{"$id":"0bd3b8fc-8741-4fe2-870c-4f96989ca26f","$typeOfContent":"select-immediate","type":"SendMessage","settings":{"id":"42ec23ef-c406-4aa7-9d14-05d7f12ebc9a","type":"application/vnd.lime.select+json","content":{"text":"Se quiser saber mais sobre outros valores é só falar\n","scope":"immediate","options":[{"text":"💙 Be","previewText":"💙 Be","value":null,"index":0,"type":null},{"text":"🏳️ Team","previewText":"🏳️ Team","value":null,"index":1,"type":null},{"index":-1,"text":"⭐ Excellence","previewText":"⭐ Excellence","type":null,"value":null},{"index":-1,"text":"⚡ Saber mais","previewText":"⚡ Saber mais","type":null,"value":null},{"index":-1,"text":"🚀 Saber mais","previewText":"🚀 Saber mais","type":null,"value":null},{"index":-1,"text":"💡 Desafio","previewText":"💡 Desafio","type":null,"value":null}]},"metadata":{}},"$cardContent":{"document":{"id":"42ec23ef-c406-4aa7-9d14-05d7f12ebc9a","type":"application/vnd.lime.select+json","content":{"text":"Se quiser saber mais sobre outros valores é só falar\n","scope":"immediate","options":[{"text":"💙 Be","previewText":"💙 Be","value":null,"index":0,"type":null},{"text":"🏳️ Team","previewText":"🏳️ Team","value":null,"index":1,"type":null},{"index":-1,"text":"⭐ Excellence","previewText":"⭐ Excellence","type":null,"value":null},{"index":-1,"text":"⚡ Saber mais","previewText":"⚡ Saber mais","type":null,"value":null},{"index":-1,"text":"🚀 Saber mais","previewText":"🚀 Saber mais","type":null,"value":null},{"index":-1,"text":"💡 Desafio","previewText":"💡 Desafio","type":null,"value":null}]}},"editable":true,"deletable":true,"position":"left"}},"$invalid":false},{"input":{"bypass":false,"$cardContent":{"document":{"id":"bf899416-3e97-40c3-8848-607f15c6b763","type":"text/plain","textContent":"Entrada do usuário","content":"Entrada do usuário"},"editable":false,"deletable":true,"position":"right","editing":false},"$invalid":false},"$invalid":false}],"$conditionOutputs":[{"stateId":"c75099ad-7c0d-4c41-a538-44c6129d9b4c","typeOfStateId":"state","$connId":"con_168","$id":"9a330182-584b-4f15-b23a-129e93cf2e2c","conditions":[{"source":"input","comparison":"equals","values":["💙 Be"]}],"$invalid":false},{"stateId":"1b4ad2b0-039c-47cb-8b13-4fc27358f0b3","typeOfStateId":"state","$connId":"con_173","$id":"5a709646-698b-4bbd-84f3-301d809545ad","conditions":[{"source":"input","comparison":"equals","values":["🏳️ Team"]}],"$invalid":false},{"stateId":"41413126-f08b-49ce-8786-24360a4d8ae7","typeOfStateId":"state","$connId":"con_178","$id":"a4a1c85c-7368-4292-bc0f-e0d57661ee04","conditions":[{"source":"input","comparison":"equals","values":["⭐ Excellence"]}],"$invalid":false},{"stateId":"5540fcab-60fd-4d5b-9e0b-8295d2f9150f","typeOfStateId":"state","$connId":"con_183","$id":"30156100-61a0-405b-9590-75291a24453e","conditions":[{"source":"input","comparison":"equals","values":["⚡ Saber mais"]}],"$invalid":false},{"stateId":"8c66d3a3-4684-4c91-bb85-67d4ad6360fa","typeOfStateId":"state","$connId":"con_188","$id":"c8b239b0-910a-4dd1-9774-15fbfb0260b3","conditions":[{"source":"input","comparison":"equals","values":["🚀 Saber mais"]}],"$invalid":false},{"stateId":"1f7b8199-8e3a-48e3-b507-f3dcb3dba5ec","typeOfStateId":"state","$connId":"con_193","$id":"965309df-8c45-4daf-922f-3157f08995f2","conditions":[{"source":"input","comparison":"equals","values":["💡 Desafio"]}],"$invalid":false}],"$enteringCustomActions":[],"$leavingCustomActions":[],"$inputSuggestions":["💙 Be","🏳️ Team","⭐ Excellence","⚡ Saber mais","🚀 Saber mais","💡 Desafio"],"$defaultOutput":{"stateId":"fallback","$invalid":false},"$tags":[],"id":"dc6f4fe7-129a-47ff-94e3-04da1105c256","root":false,"$title":"🎯 Saber mais","$position":{"top":"604px","left":"189.368px"},"$invalidContentActions":false,"$invalidOutputs":false,"$invalidCustomActions":false,"$invalid":false},"8c66d3a3-4684-4c91-bb85-67d4ad6360fa":{"$contentActions":[{"action":{"$id":"09927806-3e46-4445-9b75-3938e8d11e9d","$typeOfContent":"chat-state","type":"SendMessage","settings":{"id":"a66bf9e3-a8a4-4c69-852a-e03b50dba5f7","type":"application/vnd.lime.chatstate+json","content":{"state":"composing","interval":1000}},"$cardContent":{"document":{"id":"a66bf9e3-a8a4-4c69-852a-e03b50dba5f7","type":"application/vnd.lime.chatstate+json","content":{"state":"composing","interval":1000}},"editable":true,"deletable":true,"position":"left"}},"$invalid":false},{"action":{"$id":"94ceba4c-bea8-4c94-9cdf-714b9470292e","$typeOfContent":"text","type":"SendMessage","settings":{"id":"2c74c653-6101-440a-87d9-c0473eaa20ea","type":"text/plain","content":"Não temos medo de sonhar grande, pois sabemos que temos talento e determinação para realizar coisas incríveis!","metadata":{}},"$cardContent":{"document":{"id":"2c74c653-6101-440a-87d9-c0473eaa20ea","type":"text/plain","content":"Não temos medo de sonhar grande, pois sabemos que temos talento e determinação para realizar coisas incríveis!"},"editable":true,"deletable":true,"position":"left"}},"$invalid":false},{"action":{"$id":"33b3a823-a306-4424-b0ed-460707d967b3","$typeOfContent":"chat-state","type":"SendMessage","settings":{"id":"083e64a1-83bc-4c8c-974b-da131be9501e","type":"application/vnd.lime.chatstate+json","content":{"state":"composing","interval":1000}},"$cardContent":{"document":{"id":"083e64a1-83bc-4c8c-974b-da131be9501e","type":"application/vnd.lime.chatstate+json","content":{"state":"composing","interval":1000}},"editable":true,"deletable":true,"position":"left"}},"$invalid":false},{"action":{"$id":"36abd5df-8e23-47c5-99f0-57b57130444c","$typeOfContent":"select-immediate","type":"SendMessage","settings":{"id":"60467ac7-b53f-45cc-ba50-057adf1f3737","type":"application/vnd.lime.select+json","content":{"text":"Se quiser saber mais sobre outros valores é só falar\n","scope":"immediate","options":[{"text":"💙 Be","previewText":"💙 Be","value":null,"index":0,"type":null},{"text":"🏳️ Team","previewText":"🏳️ Team","value":null,"index":1,"type":null},{"index":-1,"text":"⭐ Excellence","previewText":"⭐ Excellence","type":null,"value":null},{"index":-1,"text":"⚡ Saber mais","previewText":"⚡ Saber mais","type":null,"value":null},{"index":-1,"text":"🎯 Saber mais","previewText":"🎯 Saber mais","type":null,"value":null},{"index":-1,"text":"💡 Desafio","previewText":"💡 Desafio","type":null,"value":null}]},"metadata":{}},"$cardContent":{"document":{"id":"60467ac7-b53f-45cc-ba50-057adf1f3737","type":"application/vnd.lime.select+json","content":{"text":"Se quiser saber mais sobre outros valores é só falar\n","scope":"immediate","options":[{"text":"💙 Be","previewText":"💙 Be","value":null,"index":0,"type":null},{"text":"🏳️ Team","previewText":"🏳️ Team","value":null,"index":1,"type":null},{"index":-1,"text":"⭐ Excellence","previewText":"⭐ Excellence","type":null,"value":null},{"index":-1,"text":"⚡ Saber mais","previewText":"⚡ Saber mais","type":null,"value":null},{"index":-1,"text":"🎯 Saber mais","previewText":"🎯 Saber mais","type":null,"value":null},{"index":-1,"text":"💡 Desafio","previewText":"💡 Desafio","type":null,"value":null}]}},"editable":true,"deletable":true,"position":"left"}},"$invalid":false},{"input":{"bypass":false,"$cardContent":{"document":{"id":"5fd97057-926a-4013-af3a-f506a5dee888","type":"text/plain","textContent":"Entrada do usuário","content":"Entrada do usuário"},"editable":false,"deletable":true,"position":"right","editing":false},"$invalid":false},"$invalid":false}],"$conditionOutputs":[{"stateId":"c75099ad-7c0d-4c41-a538-44c6129d9b4c","typeOfStateId":"state","$connId":"con_198","$id":"816d63b7-f6ba-4498-991e-e9fa2604735e","conditions":[{"source":"input","comparison":"equals","values":["💙 Be"]}],"$invalid":false},{"stateId":"1b4ad2b0-039c-47cb-8b13-4fc27358f0b3","typeOfStateId":"state","$connId":"con_203","$id":"580daa23-4068-4e23-be26-fe76f7ab9959","conditions":[{"source":"input","comparison":"equals","values":["🏳️ Team"]}],"$invalid":false},{"stateId":"41413126-f08b-49ce-8786-24360a4d8ae7","typeOfStateId":"state","$connId":"con_208","$id":"6bb28a01-1095-42cb-bec7-e13b4396ab7d","conditions":[{"source":"input","comparison":"equals","values":["⭐ Excellence"]}],"$invalid":false},{"stateId":"5540fcab-60fd-4d5b-9e0b-8295d2f9150f","typeOfStateId":"state","$connId":"con_213","$id":"510d6a37-a26c-40ce-80a7-224b711d0db8","conditions":[{"source":"input","comparison":"equals","values":["⚡ Saber mais"]}],"$invalid":false},{"stateId":"dc6f4fe7-129a-47ff-94e3-04da1105c256","typeOfStateId":"state","$connId":"con_218","$id":"86fd793a-48c5-4aaa-89ba-b82907493358","conditions":[{"source":"input","comparison":"equals","values":["🎯 Saber mais"]}],"$invalid":false},{"stateId":"1f7b8199-8e3a-48e3-b507-f3dcb3dba5ec","typeOfStateId":"state","$connId":"con_223","$id":"a1d73fdf-6b8f-4c8c-b7c3-f956ab42eabd","conditions":[{"source":"input","comparison":"equals","values":["💡 Desafio"]}],"$invalid":false}],"$enteringCustomActions":[],"$leavingCustomActions":[],"$inputSuggestions":["💙 Be","🏳️ Team","⭐ Excellence","⚡ Saber mais","🎯 Saber mais","💡 Desafio"],"$defaultOutput":{"stateId":"fallback","$invalid":false},"$tags":[],"id":"8c66d3a3-4684-4c91-bb85-67d4ad6360fa","root":false,"$title":"🚀 Saber mais","$position":{"top":"732px","left":"184px"},"$invalidContentActions":false,"$invalidOutputs":false,"$invalidCustomActions":false,"$invalid":false},"1f7b8199-8e3a-48e3-b507-f3dcb3dba5ec":{"$contentActions":[{"action":{"$id":"e083a68b-b7b2-455f-956f-c33ceb7a7ef6","$typeOfContent":"chat-state","type":"SendMessage","settings":{"id":"b1d5510a-ce28-447d-b8db-033845132abc","type":"application/vnd.lime.chatstate+json","content":{"state":"composing","interval":1000}},"$cardContent":{"document":{"id":"b1d5510a-ce28-447d-b8db-033845132abc","type":"application/vnd.lime.chatstate+json","content":{"state":"composing","interval":1000}},"editable":true,"deletable":true,"position":"left"}},"$invalid":false},{"action":{"$id":"0fa37cc4-9e25-4caa-8670-f54737b78134","$typeOfContent":"text","type":"SendMessage","settings":{"id":"f4103323-f15c-459d-97f6-44dfdd966b74","type":"text/plain","content":"Conforme solicitado no e-mail enviado, o resultado do desafio está disponível abaixo...","metadata":{}},"$cardContent":{"document":{"id":"f4103323-f15c-459d-97f6-44dfdd966b74","type":"text/plain","content":"Conforme solicitado no e-mail enviado, o resultado do desafio está disponível abaixo..."},"editable":true,"deletable":true,"position":"left"}},"$invalid":false},{"input":{"bypass":true,"$cardContent":{"document":{"id":"19fd30c9-c311-462f-b235-6ce390638c00","type":"text/plain","textContent":"Entrada do usuário","content":"Entrada do usuário"},"editable":false,"deletable":true,"position":"right","editing":false},"$invalid":false},"$invalid":false}],"$conditionOutputs":[{"stateId":"c8e204ca-dd9e-460c-981f-8f13568b4cc6","typeOfStateId":"state","$connId":"con_228","$id":"9c7e53d4-1489-4084-9655-d280ed469aeb","conditions":[{"source":"input","comparison":"exists","values":[]}],"$invalid":false}],"$enteringCustomActions":[],"$leavingCustomActions":[],"$inputSuggestions":[],"$defaultOutput":{"stateId":"fallback","$invalid":false},"$tags":[],"id":"1f7b8199-8e3a-48e3-b507-f3dcb3dba5ec","root":false,"$title":"Desafio","$position":{"top":"53px","left":"429px"},"$invalidContentActions":false,"$invalidOutputs":false,"$invalidCustomActions":false,"$invalid":false},"c8e204ca-dd9e-460c-981f-8f13568b4cc6":{"$contentActions":[{"action":{"$id":"e3750b7c-bc59-445c-81f1-c1f7981699f2","$typeOfContent":"chat-state","type":"SendMessage","settings":{"id":"1539d9cc-86dd-4f5d-8b02-094bca7043d5","type":"application/vnd.lime.chatstate+json","content":{"state":"composing","interval":1000}},"$cardContent":{"document":{"id":"1539d9cc-86dd-4f5d-8b02-094bca7043d5","type":"application/vnd.lime.chatstate+json","content":{"state":"composing","interval":1000}},"editable":true,"deletable":true,"position":"left"}},"$invalid":false},{"action":{"$id":"982fb0fb-4b74-4dc1-8206-adec21f618b2","$typeOfContent":"raw-content","type":"SendRawMessage","settings":{"metadata":{},"type":"application/vnd.lime.collection+json","rawContent":"{{menu}}"}},"$invalid":false},{"input":{"bypass":true,"$cardContent":{"document":{"id":"5b47a5ac-519c-43b2-8f1e-1b86fc36b1d0","type":"text/plain","textContent":"Entrada do usuário","content":"Entrada do usuário"},"editable":false,"deletable":true,"position":"right","editing":false},"$invalid":false},"$invalid":false}],"$conditionOutputs":[],"$enteringCustomActions":[{"$id":"508c56c8-9f11-4e4f-9b82-8127883e7db1","$typeOfContent":"","type":"ProcessHttp","$title":"Requisição HTTP","$invalid":false,"settings":{"headers":{},"method":"GET","uri":"https://henriqueaccess-api.herokuapp.com/AccessGitHub/Github-repository/takenet","responseStatusVariable":"repositoriosSatus","responseBodyVariable":"repositorioBody"},"conditions":[]},{"$id":"55411ad3-44cd-4722-85e4-496b70c9ffbe","$typeOfContent":"","type":"ExecuteScript","$title":"Executar script","$invalid":false,"settings":{"function":"run","source":"function run(repos) {\n    var repos = JSON.parse(repos);\n\n\n\n    var valores = [\n\n        \n            {\n                \n                \"header\": {\n                    \"type\": \"application/vnd.lime.media-link+json\",\n                    \"value\": {\n                        \"title\": repos[0].name,\n                        \"text\": repos[0].description,\n                        \"type\": \"image/jpeg\",\n                        \"uri\": \"https://www.take.net/files/themes/blank_theme/assets/img/take-og-image.png\"\n                    }\n                }\n            },\n            {\n                \"header\": {\n                    \"type\": \"application/vnd.lime.media-link+json\",\n                    \"value\": {\n                        \"title\": repos[1].name,\n                        \"text\": repos[1].description,\n                        \"type\": \"image/jpeg\",\n                       \"uri\": \"https://www.take.net/files/themes/blank_theme/assets/img/take-og-image.png\"\n                    }\n                }\n            },\n\n             {\n                \"header\": {\n                    \"type\": \"application/vnd.lime.media-link+json\",\n                    \"value\": {\n                        \"title\": repos[2].name,\n                        \"text\": repos[2].description,\n                        \"type\": \"image/jpeg\",\n                        \"uri\": \"https://www.take.net/files/themes/blank_theme/assets/img/take-og-image.png\"\n                    }\n                }\n            },\n\n             {\n                \"header\": {\n                    \"type\": \"application/vnd.lime.media-link+json\",\n                    \"value\": {\n                        \"title\": repos[3].name,\n                        \"text\": repos[3].description,\n                        \"type\": \"image/jpeg\",\n                        \"uri\": \"https://www.take.net/files/themes/blank_theme/assets/img/take-og-image.png\"\n                    }\n                }\n            },\n\n             {\n                \"header\": {\n                    \"type\": \"application/vnd.lime.media-link+json\",\n                    \"value\": {\n                        \"title\": repos[4].name,\n                        \"text\": repos[4].description,\n                        \"type\": \"image/jpeg\",\n                       \"uri\": \"https://www.take.net/files/themes/blank_theme/assets/img/take-og-image.png\"\n                    }\n                }\n            }\n\n        ]\n\n\n    return {\n        itemType: \"application/vnd.lime.document-select+json\",\n        items: valores\n    }; \n\n}","inputVariables":["repositorioBody"],"outputVariable":"menu","LocalTimeZoneEnabled":false},"conditions":[]}],"$leavingCustomActions":[],"$inputSuggestions":[],"$defaultOutput":{"stateId":"fallback","$invalid":false},"$tags":[],"id":"c8e204ca-dd9e-460c-981f-8f13568b4cc6","root":false,"$title":"Carrocel","$position":{"top":"44px","left":"190px"},"$invalidContentActions":false,"$invalidOutputs":false,"$invalidCustomActions":false,"$invalid":false}},"globalAction":{"$contentActions":[],"$conditionOutputs":[],"$enteringCustomActions":[],"$leavingCustomActions":[],"$inputSuggestions":[],"$defaultOutput":{"stateId":"fallback","$invalid":false},"$tags":[],"id":"global-actions","$invalidContentActions":false,"$invalidOutputs":false,"$invalidCustomActions":false}}