{"flow":{"onboarding":{"$contentActions":[{"input":{"bypass":false,"$cardContent":{"document":{"id":"508e2fb1-de77-4e5c-9a42-64ed6dfe4bf1","type":"text/plain","content":"Entrada do usuário"},"editable":false,"deletable":false,"position":"right","editing":false},"$invalid":false},"$invalid":false}],"$conditionOutputs":[{"stateId":"welcome","conditions":[{"source":"input","comparison":"matches","values":[".*"]}],"$id":"45f8b581-7801-4edf-afb6-0710f64bb355","$connId":"con_3","$invalid":false}],"$enteringCustomActions":[],"$leavingCustomActions":[],"$inputSuggestions":[],"$defaultOutput":{"stateId":"fallback","$invalid":false},"$tags":[],"id":"onboarding","root":true,"$title":"Início","$position":{"top":"120px","left":"644px"},"$invalidContentActions":false,"$invalidOutputs":false,"$invalidCustomActions":false,"$invalid":false},"fallback":{"$contentActions":[{"input":{"bypass":true,"$cardContent":{"document":{"id":"1fa6cf58-0d5e-431b-a657-3db4a94effb0","type":"text/plain"},"editable":false,"deletable":true,"position":"right","editing":false},"$invalid":false},"$invalid":false}],"$conditionOutputs":[{"stateId":"error","conditions":[{"source":"input","comparison":"matches","values":[".*"]}],"$id":"6cf27703-b4b1-4664-ac87-eeee6c45ede9","$connId":"con_8","$invalid":false}],"$enteringCustomActions":[],"$leavingCustomActions":[],"$inputSuggestions":[],"$defaultOutput":{"stateId":"onboarding","$invalid":false},"$tags":[],"id":"fallback","$title":"Exceções","$position":{"top":"120px","left":"877px"},"$invalidContentActions":false,"$invalidOutputs":false,"$invalidCustomActions":false,"$invalid":false},"welcome":{"$contentActions":[{"action":{"$id":"32eb697a-a62b-4a4d-9200-d621b4ba41cd","$typeOfContent":"chat-state","type":"SendMessage","settings":{"id":"b60b0b0c-0325-447f-a219-3c2e14a6771a","type":"application/vnd.lime.chatstate+json","content":{"state":"composing","interval":1000}},"$cardContent":{"document":{"id":"b60b0b0c-0325-447f-a219-3c2e14a6771a","type":"application/vnd.lime.chatstate+json","content":{"state":"composing","interval":1000}},"editable":true,"deletable":true,"position":"left"}},"$invalid":false,"$$hashKey":"object:4030"},{"action":{"$id":"659d3985-bb43-4cf2-967f-a742740dc4e9","$typeOfContent":"raw-content","type":"SendRawMessage","settings":{"metadata":{},"type":"application/vnd.lime.collection+json","rawContent":"{{menu}}"}},"$invalid":false,"$$hashKey":"object:4031"},{"input":{"bypass":true,"$cardContent":{"document":{"id":"5b4507a6-ef7a-44f0-a0c7-4568be2abac5","type":"text/plain","content":"Entrada do usuário"},"editable":false,"deletable":true,"position":"right","editing":false},"$invalid":false},"$invalid":false,"$$hashKey":"object:4032"}],"$conditionOutputs":[{"stateId":"e62d304f-67f4-4487-9c88-e032e64a3f94","typeOfStateId":"state","$connId":"con_13","$id":"2a73528c-d2bb-4b08-8d78-b03a5fcfce61","conditions":[{"source":"input","comparison":"exists","values":[],"$$hashKey":"object:4085"}],"$invalid":false,"$$hashKey":"object:4066"}],"$enteringCustomActions":[{"$id":"ffefcd0a-62c5-4b1a-b437-781f25b45a5f","$typeOfContent":"","type":"ProcessHttp","$title":"Requisição HTTP","$invalid":false,"settings":{"headers":{},"method":"GET","uri":"https://accessgithub-api.herokuapp.com/AccessGithub/github-repository/takenet","responseStatusVariable":"repoStatus","responseBodyVariable":"repoBody"},"conditions":[]},{"$id":"6f8a9586-9bdd-4fb9-b9b8-3b149184a996","$typeOfContent":"","type":"ExecuteScript","$title":"Executar script","$invalid":false,"settings":{"function":"run","source":"function run(repos) {\n    var repos = JSON.parse(repos);\n\n    var valores = [\n            {\n                \"header\": {\n                    \"type\": \"application/vnd.lime.media-link+json\",\n                    \"value\": {\n                        \"title\": repos[0].name,\n                        \"text\": repos[0].fullName,\n                        \"type\": \"image/jpeg\",\n                        \"uri\": \"http://www.isharearena.com/wp-content/uploads/2012/12/wallpaper-281049.jpg\"\n                    }\n                }\n            },\n            {\n                \"header\": {\n                    \"type\": \"application/vnd.lime.media-link+json\",\n                    \"value\": {\n                        \"title\": \"Title 2\",\n                        \"text\": \"This is another item\",\n                        \"type\": \"image/jpeg\",\n                        \"uri\": \"http://www.freedigitalphotos.net/images/img/homepage/87357.jpg\"\n                    }\n                }\n            }\n        ]\n\n\n    return {\n        itemType: \"application/vnd.lime.document-select+json\",\n        items: valores\n    }; \n}","inputVariables":["repoBody"],"outputVariable":"menu","LocalTimeZoneEnabled":false},"conditions":[]}],"$leavingCustomActions":[],"$inputSuggestions":[],"$defaultOutput":{"stateId":"fallback","$invalid":false},"$tags":[],"id":"welcome","$title":"Boas vindas","$position":{"top":"240px","left":"645px"},"$invalidContentActions":false,"$invalidOutputs":false,"$invalidCustomActions":false,"$invalid":false},"error":{"$contentActions":[{"action":{"$id":"8b04e998-3081-49a4-9299-83484072e886","$typeOfContent":"","type":"SendMessage","settings":{"id":"00000000-0000-0000-0000-000000000002","type":"application/vnd.lime.chatstate+json","content":{"state":"composing","interval":1000}},"$cardContent":{"document":{"id":"00000000-0000-0000-0000-000000000002","type":"application/vnd.lime.chatstate+json","content":{"state":"composing","interval":1000}},"editable":true,"deletable":true,"position":"left","editing":false}},"$invalid":false},{"action":{"$id":"11a85417-9c13-440c-90e7-cf5c0f5f079c","$typeOfContent":"","type":"SendMessage","settings":{"id":"00000000-0000-0000-0000-000000000003","type":"text/plain","content":"Desculpe, não consegui entender!"},"$cardContent":{"document":{"id":"00000000-0000-0000-0000-000000000003","type":"text/plain","content":"Desculpe, não consegui entender!"},"editable":true,"deletable":true,"position":"left","editing":false}},"$invalid":false},{"input":{"bypass":true,"$cardContent":{"document":{"id":"2a24e8df-8cb9-4c19-a978-d07a20f9bbf2","type":"text/plain"},"editable":false,"deletable":true,"position":"right","editing":false},"$invalid":false},"$invalid":false}],"$conditionOutputs":[],"$enteringCustomActions":[],"$leavingCustomActions":[],"$inputSuggestions":[],"$defaultOutput":{"stateId":"onboarding","$invalid":false},"$tags":[],"id":"error","$title":"Erro padrão","$position":{"top":"240px","left":"877px"},"$invalidContentActions":false,"$invalidOutputs":false,"$invalidCustomActions":false,"$invalid":false},"e62d304f-67f4-4487-9c88-e032e64a3f94":{"$contentActions":[{"input":{"bypass":false,"$cardContent":{"document":{"id":"ec0d325b-c094-4bcb-ba85-aaa08945ceed","type":"text/plain","textContent":"Entrada do usuário","content":"Entrada do usuário"},"editable":false,"deletable":true,"position":"right","editing":false},"$invalid":false},"$invalid":false}],"$conditionOutputs":[{"stateId":"onboarding","typeOfStateId":"state","$connId":"con_18","$id":"963258f9-b31b-4df2-a9c1-c3d9f48bc5fa","conditions":[{"source":"input","comparison":"exists","values":[]}],"$invalid":false}],"$enteringCustomActions":[],"$leavingCustomActions":[],"$inputSuggestions":[],"$defaultOutput":{"stateId":"fallback","$invalid":false},"$tags":[],"id":"e62d304f-67f4-4487-9c88-e032e64a3f94","root":false,"$title":"Novo bloco","$position":{"top":"218px","left":"399px"},"$invalidContentActions":false,"$invalidOutputs":false,"$invalidCustomActions":false,"$invalid":false}},"globalAction":{"$contentActions":[],"$conditionOutputs":[],"$enteringCustomActions":[],"$leavingCustomActions":[],"$inputSuggestions":[],"$defaultOutput":{"stateId":"fallback","$invalid":false},"$tags":[],"id":"global-actions","$invalidContentActions":false,"$invalidOutputs":false,"$invalidCustomActions":false}}